fullName,email,phone
John Stone,john-stone@unknown.com,+5 (309) 807 00-23
Ponnappa,ponnappa-priya@unknown.com,+1 (388) 681 05-34
Mia Wong,,+6 (330) 954 34-94
Peter Stanbridge,peter-stanbridge@unknown.com,+9 (956) 915 06-87
Natalie Lee-Walsh,natalie-lee-walsh@unknown.com,+2 (978) 110 90-96
Ang,ang-li@unknown.com,+9 (786) 226 65-63
Nguta Ithya,,+9 (561) 529 13-22
Tamzyn French,tamzyn-french@unknown.com,+3 (156) 943 84-69
Salome Simoes,,+5 (078) 069 27-82
Trevor,trevor-virtue@unknown.com,+1 (932) 088 16-87
Tarryn Campbell-Gillies,tarryn-campbell-gillies@unknown.com,+3 (135) 056 64-40
Eugenia Anders,,+6 (606) 719 12-60